sampleid	BarcodeSequence	fire	forest	plot	burnsev	treatment
#q2:types	categorical	categorical	categorical	categorical	categorical	categorical
1	TCAATCGCTTTC	cw	pp	102	l	pp-l
2	CCTACCATTGTT	cp	pp	112	l	pp-l
3	GTATTGGTCAGA	cw	pp	105	l	pp-l
4	GAGTTAGCATCA	cw	pp	c01	u	pp-u
5	ACGGCTAGTTCC	cw	pp	107	h	pp-h
6	GAAGCTTGAATC	cw	pp	c04	u	pp-u
7	GCTAAAGTCGTA	cw	pp	106	l	pp-l
8	ACGAAGTCTACC	cw	pp	107	h	pp-h
9	CTACCGATTGCG	cw	pp	102	l	pp-l
10	GAGTCCGTTGCT	cw	pp	c04	u	pp-u
11	AGAACCGTCATA	cw	pp	106	l	pp-l
12	GCACTGGCATAT	cw	pp	105	l	pp-l
13	ACTAGGATCAGT	cp	sf	110	h	sf-h
14	TCTCAGCGCGTA	cw	pp	105	l	pp-l
15	ACCGTCTTTCTC	cw	pp	c01	u	pp-u
16	TCACCCAAGGTA	cw	pp	c04	u	pp-u
17	GATAACTGTACG	cp	sf	111	h	sf-h
18	AACTGGAACCCT	cw	pp	105	l	pp-l
19	CTCACGCAATGC	cw	pp	106	l	pp-l
20	GGCATTAGTTGA	mu	sf	111	h	sf-h
21	GCTCCTTAGAAG	cw	pp	102	l	pp-l
22	GACCCTAGACCT	cw	pp	107	h	pp-h
23	AGCCAGTCATAC	cw	pp	c01	u	pp-u
24	TAAACCTGGACA	cw	pp	105	l	pp-l
25	ATACTCGGCTGC	cp	pp	104	h	pp-h
26	GTCCCGTGAAAT	cw	pp	107	h	pp-h
